Date,Price,Open,High,Low,Vol.,Change %
1/21/2021,"29,982.62","30,627.47","31,271.27","29,856.30",538.04M,-2.04%
12/20/2020,"30,606.48","29,797.50","30,637.47","29,599.29",8.18B,3.27%
11/20/2020,"29,638.64","26,691.28","30,116.51","26,691.28",7.92B,11.84%
10/20/2020,"26,501.60","27,940.63","28,957.90","26,143.77",8.51B,-4.61%
9/20/2020,"27,781.70","28,439.61","29,199.35","26,537.01",10.05B,-2.28%
8/20/2020,"28,430.05","26,542.32","28,733.35","26,534.38",7.51B,7.57%
7/20/2020,"26,428.32","25,879.38","27,071.33","25,523.51",8.27B,2.38%
6/20/2020,"25,812.88","25,342.99","27,580.21","24,843.18",9.82B,1.69%
5/20/2020,"25,383.11","24,120.78","25,758.79","22,789.62",8.01B,4.26%
4/20/2020,"24,345.72","21,227.38","24,764.77","20,735.02",9.88B,11.08%
3/20/2020,"21,917.16","25,590.51","27,102.34","18,213.65",15.60B,-13.74%
2/20/2020,"25,409.36","28,319.65","29,568.57","24,681.01",7.05B,-10.07%
1/20/2020,"28,256.03","28,638.97","29,373.62","28,169.53",6.27B,-0.99%
12/19/2019,"28,538.44","28,109.74","28,701.66","27,325.13",5.14B,1.74%
11/19/2019,"28,051.41","27,142.95","28,174.97","27,142.95",4.98B,3.72%
10/19/2019,"27,046.23","26,962.54","27,204.36","25,743.46",5.72B,0.48%
9/19/2019,"26,916.83","26,198.26","27,306.73","25,978.22",5.09B,1.95%
8/19/2019,"26,403.28","26,879.86","27,175.59","25,339.60",6.24B,-1.72%
7/19/2019,"26,864.27","26,805.86","27,398.68","26,616.21",5.27B,0.99%
6/19/2019,"26,599.96","24,830.16","26,907.37","24,680.57",5.54B,7.19%
5/19/2019,"24,815.04","26,639.06","26,689.39","24,809.51",6.36B,-6.69%
4/19/2019,"26,592.91","26,075.10","26,695.96","26,062.59",5.85B,2.56%
3/19/2019,"25,928.68","26,019.67","26,155.98","25,208.00",6.63B,0.05%
2/19/2019,"25,916.00","25,025.31","26,241.42","24,883.04",5.43B,3.67%
1/19/2019,"24,999.67","23,058.61","25,109.62","22,638.41",7.19B,7.17%
12/18/2018,"23,327.46","25,779.57","25,980.21","21,712.53",8.10B,-8.66%
11/18/2018,"25,538.46","25,142.08","26,277.82","24,268.74",7.23B,1.68%
10/18/2018,"25,115.76","26,598.36","26,951.81","24,122.23",8.37B,-5.07%
9/18/2018,"26,458.31","25,916.07","26,769.16","25,754.32",5.26B,1.90%
8/18/2018,"25,964.82","25,461.63","26,167.94","24,965.77",5.64B,2.16%
7/18/2018,"25,415.19","24,161.53","25,587.24","24,077.56",5.41B,4.71%
6/18/2018,"24,271.41","24,542.09","25,402.83","23,997.21",7.41B,-0.59%
5/18/2018,"24,415.84","24,117.29","25,086.49","23,531.31",7.28B,1.05%
4/18/2018,"24,163.15","24,076.60","24,858.97","23,344.52",8.06B,0.25%
3/18/2018,"24,103.11","25,024.04","25,449.15","23,509.06",8.87B,-3.70%
2/18/2018,"25,029.20","26,083.04","26,306.70","23,360.29",9.45B,-4.28%
1/18/2018,"26,149.39","24,809.35","26,616.71","24,741.70",9.12B,5.79%
12/17/2017,"24,719.22","24,305.40","24,876.07","23,921.90",6.59B,1.84%
11/17/2017,"24,272.35","23,442.90","24,327.82","23,242.75",7.34B,3.83%
10/17/2017,"23,377.24","22,423.47","23,485.25","22,416.00",7.30B,4.34%
9/17/2017,"22,405.09","21,981.77","22,419.51","21,709.63",6.34B,2.08%
8/17/2017,"21,948.10","21,961.42","22,179.11","21,600.34",6.15B,0.26%
7/17/2017,"21,891.12","21,392.30","21,929.80","21,279.30",5.57B,2.54%
6/17/2017,"21,349.63","21,030.55","21,535.03","20,994.22",7.21B,1.62%
5/17/2017,"21,008.65","20,962.73","21,112.32","20,553.45",6.61B,0.33%
4/17/2017,"20,940.51","20,665.17","21,070.90","20,379.55",5.39B,1.34%
3/17/2017,"20,663.22","20,957.29","21,169.11","20,412.80",6.94B,-0.72%
2/17/2017,"20,812.24","19,923.81","20,851.33","19,831.09",6.19B,4.77%
1/17/2017,"19,864.09","19,872.86","20,125.58","19,677.94",6.48B,0.51%
12/16/2016,"19,762.60","19,149.20","19,987.63","19,138.79",5.95B,3.34%
11/16/2016,"19,123.58","18,158.24","19,225.29","17,883.56",2.11B,5.41%
10/16/2016,"18,142.42","18,279.60","18,399.96","17,959.95",1.79B,-0.91%
9/16/2016,"18,308.15","18,396.57","18,551.54","17,992.21",2.10B,-0.50%
8/16/2016,"18,400.88","18,434.50","18,668.44","18,247.79",1.70B,-0.17%
7/16/2016,"18,432.24","17,924.24","18,622.01","17,713.45",1.82B,2.80%
6/16/2016,"17,929.99","17,754.55","18,016.00","17,063.08",2.35B,0.80%
5/16/2016,"17,787.20","17,783.78","17,934.61","17,331.07",1.88B,0.08%
4/16/2016,"17,773.64","17,661.74","18,167.63","17,484.23",2.10B,0.50%
3/16/2016,"17,685.09","16,545.67","17,790.11","16,545.67",2.41B,7.08%
2/16/2016,"16,516.50","16,453.63","16,795.98","15,503.01",2.49B,0.30%
1/16/2016,"16,466.30","17,405.48","17,405.48","15,450.56",2.84B,-5.50%
12/15/2015,"17,425.03","17,719.72","17,901.58","17,116.73",2.52B,-1.66%
11/15/2015,"17,719.92","17,672.62","17,977.85","17,210.43",2.30B,0.32%
10/15/2015,"17,663.54","16,278.62","17,799.96","16,013.66",2.61B,8.47%
9/15/2015,"16,284.70","16,528.03","16,933.43","15,942.37",2.72B,-1.47%
8/15/2015,"16,528.03","17,696.74","17,704.76","15,370.33",2.73B,-6.57%
7/15/2015,"17,689.86","17,638.12","18,137.12","17,399.17",2.03B,0.40%
6/15/2015,"17,619.51","18,017.82","18,188.81","17,576.50",2.22B,-2.17%
5/15/2015,"18,010.68","17,859.27","18,351.36","17,733.12",1.83B,0.95%
4/15/2015,"17,840.52","17,778.52","18,175.56","17,585.01",2.17B,0.36%
3/15/2015,"17,776.12","18,134.05","18,288.63","17,579.27",2.47B,-1.97%
2/15/2015,"18,132.70","17,169.99","18,244.38","17,037.76",1.75B,5.64%
1/15/2015,"17,164.95","17,823.07","17,951.78","17,136.30",2.17B,-3.69%
12/14/2014,"17,823.07","17,827.27","18,103.45","17,067.59",2.22B,-0.03%
11/14/2014,"17,828.24","17,390.90","17,894.83","17,278.36",1.52B,2.52%
10/14/2014,"17,390.52","17,040.46","17,395.54","15,855.12",2.31B,2.04%
9/14/2014,"17,042.90","17,097.42","17,350.64","16,934.43",1.87B,-0.32%
8/14/2014,"17,098.45","16,561.70","17,153.80","16,333.78",1.48B,3.23%
7/14/2014,"16,563.30","16,828.53","17,151.56","16,563.30",1.69B,-1.56%
6/14/2014,"16,826.60","16,716.85","16,978.02","16,673.65",1.76B,0.65%
5/14/2014,"16,717.17","16,580.26","16,735.51","16,341.30",1.64B,0.82%
4/14/2014,"16,580.84","16,458.05","16,631.63","16,015.32",1.99B,0.75%
3/14/2014,"16,457.66","16,321.71","16,505.70","16,046.99",2.10B,0.83%
2/14/2014,"16,321.71","15,697.69","16,398.95","15,340.69",2.07B,3.97%
1/14/2014,"15,698.85","16,572.17","16,573.07","15,617.55",2.18B,-5.30%
12/13/2013,"16,576.66","16,087.12","16,588.25","15,703.79",2.06B,3.05%
11/13/2013,"16,086.41","15,558.01","16,174.51","15,522.18",1.82B,3.48%
10/13/2013,"15,545.75","15,132.49","15,721.00","14,719.43",2.21B,2.75%
9/13/2013,"15,129.67","14,801.55","15,709.58","14,777.48",2.37B,2.16%
8/13/2013,"14,810.31","15,503.85","15,658.43","14,760.41",2.33B,-4.45%
7/13/2013,"15,499.54","14,911.60","15,634.32","14,858.93",2.57B,3.96%
6/13/2013,"14,909.60","15,123.55","15,340.09","14,551.27",2.93B,-1.36%
5/13/2013,"15,115.57","14,839.80","15,542.40","14,687.05",2.77B,1.86%
4/13/2013,"14,839.80","14,578.54","14,887.51","14,434.43",2.92B,1.79%
3/13/2013,"14,578.54","14,054.49","14,585.10","13,937.60",2.55B,3.73%
2/13/2013,"14,054.49","13,860.58","14,149.15","13,784.01",2.49B,1.40%
1/13/2013,"13,860.58","13,104.30","13,969.99","13,104.30",2.79B,5.77%
12/12/2012,"13,104.14","13,027.73","13,365.86","12,883.89",2.67B,0.60%
11/12/2012,"13,025.58","13,099.19","13,290.75","12,471.49",2.68B,-0.54%
10/12/2012,"13,096.46","13,437.66","13,661.87","13,039.86",2.47B,-2.54%
9/12/2012,"13,437.13","13,092.15","13,653.24","12,977.09",2.70B,2.65%
8/12/2012,"13,090.84","13,007.47","13,330.76","12,778.90",2.27B,0.63%
7/12/2012,"13,008.68","12,879.71","13,128.64","12,492.25",2.58B,1.00%
6/12/2012,"12,880.09","12,391.56","12,898.94","12,035.09",2.92B,3.93%
5/12/2012,"12,393.45","13,214.16","13,338.66","12,311.56",3.05B,-6.21%
4/12/2012,"13,213.63","13,211.36","13,297.11","12,710.56",2.57B,0.01%
3/12/2012,"13,212.04","12,952.29","13,289.08","12,734.86",3.20B,2.01%
2/12/2012,"12,952.07","12,632.76","13,055.75","12,632.76",2.71B,2.53%
1/12/2012,"12,632.91","12,221.19","12,841.95","12,221.19",2.98B,3.40%
12/11/2011,"12,217.56","12,046.21","12,328.47","11,735.19",3.15B,1.43%
11/11/2011,"12,045.68","11,951.53","12,187.51","11,231.56",3.40B,0.76%
10/11/2011,"11,955.01","10,912.10","12,284.31","10,404.49",3.91B,9.54%
9/11/2011,"10,913.38","11,613.30","11,716.84","10,597.14",4.40B,-6.03%
8/11/2011,"11,613.53","12,144.22","12,282.42","10,604.07",6.20B,-4.36%
7/11/2011,"12,143.24","12,412.07","12,753.89","12,083.45",3.09B,-2.18%
6/11/2011,"12,414.34","12,569.41","12,569.49","11,862.53",3.88B,-1.24%
5/11/2011,"12,569.79","12,810.16","12,876.00","12,309.52",3.58B,-1.88%
4/11/2011,"12,810.54","12,321.02","12,832.83","12,093.89",3.32B,3.98%
3/11/2011,"12,319.73","12,226.49","12,383.46","11,555.48",3.85B,0.76%
2/11/2011,"12,226.34","11,892.50","12,391.29","11,892.50",3.22B,2.81%
1/11/2011,"11,891.93","11,577.43","12,020.52","11,573.87",3.68B,2.72%
12/10/2010,"11,577.51","11,007.23","11,625.00","11,007.23",3.25B,5.19%
11/10/2010,"11,006.02","11,120.30","11,451.53","10,929.28",3.81B,-1.01%
10/10/2010,"11,118.49","10,789.72","11,247.60","10,711.12",3.79B,3.06%
9/10/2010,"10,788.05","10,016.01","10,948.88","10,016.01",3.76B,7.72%
8/10/2010,"10,014.72","10,468.82","10,719.94","9,936.62",4.12B,-4.31%
7/10/2010,"10,465.94","9,773.27","10,584.99","9,614.32",4.20B,7.08%
6/10/2010,"9,774.02","10,133.94","10,594.16","9,753.84",4.94B,-3.58%
5/10/2010,"10,136.63","11,009.60","11,177.67","9,774.48",5.61B,-7.92%
4/10/2010,"11,008.61","10,857.31","11,258.01","10,844.09",4.24B,1.40%
3/10/2010,"10,856.63","10,326.10","10,955.48","10,326.10",4.39B,5.15%
2/10/2010,"10,325.26","10,068.99","10,438.55","9,835.09",4.28B,2.56%
1/10/2010,"10,067.33","10,430.69","10,729.89","10,043.75",4.39B,-3.46%
12/9/2009,"10,428.05","10,343.82","10,580.33","10,235.63",4.17B,0.80%
11/9/2009,"10,344.84","9,712.13","10,495.61","9,678.95",3.81B,6.51%
10/9/2009,"9,712.73","9,711.60","10,119.47","9,430.08",5.15B,0.00%
9/9/2009,"9,712.28","9,492.32","9,917.99","9,252.93",4.48B,2.27%
8/9/2009,"9,496.28","9,173.65","9,630.20","9,116.52",4.04B,3.54%
7/9/2009,"9,171.61","8,447.53","9,246.43","8,087.19",4.90B,8.58%
6/9/2009,"8,447.00","8,501.53","8,877.93","8,259.43",5.52B,-0.63%
5/9/2009,"8,500.33","8,167.41","8,591.93","8,099.31",6.73B,4.07%
4/9/2009,"8,168.12","7,606.13","8,307.51","7,483.87",7.80B,7.35%
3/9/2009,"7,608.92","7,056.48","7,931.33","6,469.95",10.56B,7.73%
2/9/2009,"7,062.93","8,000.62","8,315.07","7,033.62",7.13B,-11.72%
1/9/2009,"8,000.86","8,772.25","9,088.06","7,909.03",6.26B,-8.84%
12/8/2008,"8,776.39","8,826.89","9,026.41","8,118.50",5.70B,-0.60%
11/8/2008,"8,829.04","9,326.04","9,653.95","7,449.38",6.26B,-5.32%
10/8/2008,"9,325.01","10,847.40","10,882.52","7,882.51",8.31B,-14.06%
9/8/2008,"10,850.66","11,545.63","11,790.17","10,365.45",6.30B,-6.00%
8/8/2008,"11,543.55","11,379.89","11,867.11","11,221.53",3.58B,1.45%
7/8/2008,"11,378.02","11,344.64","11,698.17","10,827.71",5.52B,0.25%
6/8/2008,"11,350.01","12,637.67","12,638.08","11,287.56",5.31B,-10.19%
5/8/2008,"12,638.32","12,818.34","13,136.69","12,442.59",4.53B,-1.42%
4/8/2008,"12,820.13","12,266.64","13,010.00","12,266.47",5.05B,4.54%
3/8/2008,"12,262.89","12,264.36","12,622.07","11,731.60",6.23B,-0.03%
2/8/2008,"12,266.39","12,638.17","12,767.74","12,069.47",5.72B,-3.04%
1/8/2008,"12,650.36","13,261.82","13,279.54","11,634.82",7.46B,-4.63%
12/7/2007,"13,264.82","13,368.22","13,780.11","13,092.00",4.31B,-0.80%
11/7/2007,"13,371.72","13,924.16","13,924.16","12,724.09",5.98B,-4.01%
10/7/2007,"13,930.01","13,895.71","14,198.10","13,407.49",5.01B,0.25%
9/7/2007,"13,895.63","13,358.39","13,924.81","13,021.93",4.33B,4.03%
8/7/2007,"13,357.74","13,211.09","13,695.82","12,517.94",6.20B,1.10%
7/7/2007,"13,211.99","13,409.60","14,021.95","13,199.79",5.51B,-1.47%
6/7/2007,"13,408.62","13,628.69","13,692.00","13,251.53",5.22B,-1.61%
5/7/2007,"13,627.64","13,062.75","13,673.07","13,041.30",4.99B,4.32%
4/7/2007,"13,062.91","12,354.52","13,162.06","12,324.28",4.82B,5.74%
3/7/2007,"12,354.35","12,265.59","12,511.05","11,939.61",5.63B,0.70%
2/7/2007,"12,268.63","12,617.20","12,795.93","12,086.06",4.35B,-2.80%
1/7/2007,"12,621.69","12,459.54","12,657.02","12,337.37",4.99B,1.27%
12/6/2006,"12,463.15","12,220.97","12,529.88","12,089.98",4.34B,1.97%
11/6/2006,"12,221.93","12,080.25","12,361.00","11,965.31",4.72B,1.17%
10/6/2006,"12,080.73","11,678.99","12,167.02","11,653.06",5.54B,3.44%
9/6/2006,"11,679.07","11,382.75","11,741.99","11,323.84",4.49B,2.62%
8/6/2006,"11,381.15","11,184.80","11,407.08","11,042.64",4.62B,1.75%
7/6/2006,"11,185.68","11,149.34","11,257.08","10,683.32",5.55B,0.32%
6/6/2006,"11,150.22","11,169.03","11,285.82","10,698.85",6.92B,-0.16%
5/6/2006,"11,168.31","11,367.78","11,670.19","11,030.47",7.30B,-1.75%
4/6/2006,"11,367.14","11,113.00","11,417.66","11,039.12",5.58B,2.32%
3/6/2006,"11,109.32","10,993.25","11,334.96","10,922.73",6.68B,1.05%
2/6/2006,"10,993.41","10,862.14","11,159.18","10,737.67",5.76B,1.18%
1/6/2006,"10,864.86","10,718.30","11,047.76","10,661.15",6.43B,1.37%
12/5/2005,"10,717.50","10,806.03","10,940.34","10,709.42",5.22B,-0.82%
11/5/2005,"10,805.87","10,437.51","10,959.79","10,388.76",5.39B,3.50%
10/5/2005,"10,440.07","10,569.50","10,608.56","10,156.46",5.83B,-1.22%
9/5/2005,"10,568.70","10,481.44","10,701.81","10,350.96",5.22B,0.83%
8/5/2005,"10,481.60","10,641.78","10,719.41","10,349.37",5.08B,-1.50%
7/5/2005,"10,640.91","10,273.59","10,717.73","10,175.40",4.82B,3.56%
6/5/2005,"10,274.97","10,462.86","10,656.29","10,253.49",5.03B,-1.84%
5/5/2005,"10,467.48","10,192.00","10,560.81","10,075.55",4.84B,2.70%
4/5/2005,"10,192.51","10,504.57","10,568.93","10,000.46",5.85B,-2.96%
3/5/2005,"10,503.76","10,769.04","10,984.46","10,396.24",5.82B,-2.44%
2/5/2005,"10,766.23","10,489.72","10,853.43","10,489.64",5.04B,2.63%
1/5/2005,"10,489.94","10,783.75","10,867.39","10,368.61",5.30B,-2.72%
12/4/2004,"10,783.01","10,425.80","10,868.07","10,418.63",5.74B,3.40%
11/4/2004,"10,428.02","10,028.73","10,602.85","10,010.15",5.61B,3.99%
10/4/2004,"10,027.47","10,082.04","10,270.37","9,708.40",5.29B,-0.52%
9/4/2004,"10,080.27","10,170.12","10,363.36","9,977.92",4.63B,-0.92%
8/4/2004,"10,173.92","10,138.45","10,211.25","9,783.91",3.72B,0.34%
7/4/2004,"10,139.71","10,434.00","10,448.09","9,913.92",4.45B,-2.83%
6/4/2004,"10,435.48","10,187.18","10,487.54","10,134.86",4.11B,2.42%
5/4/2004,"10,188.45","10,227.27","10,386.32","9,852.19",4.02B,-0.36%
4/4/2004,"10,225.57","10,357.52","10,570.81","10,219.18",4.53B,-1.28%
3/4/2004,"10,357.70","10,582.25","10,695.55","10,007.49",4.97B,-2.14%
2/4/2004,"10,583.92","10,487.78","10,753.63","10,434.67",3.82B,0.91%
1/4/2004,"10,488.07","10,452.74","10,705.18","10,367.41",4.38B,0.33%
12/3/2003,"10,453.92","9,785.35","10,462.44","9,785.35",4.17B,6.86%
11/3/2003,"9,782.46","9,802.46","9,903.57","9,585.50",3.55B,-0.19%
10/3/2003,"9,801.12","9,276.80","9,850.01","9,276.80",4.79B,5.67%
9/3/2003,"9,275.06","9,416.67","9,686.08","9,230.47",4.39B,-1.49%
8/3/2003,"9,415.82","9,232.68","9,499.97","8,997.11",3.81B,1.97%
7/3/2003,"9,233.80","8,983.66","9,361.40","8,871.20",234.33M,2.76%
6/3/2003,"8,985.44","8,851.45","9,352.77","8,851.45",248.18M,1.53%
5/3/2003,"8,850.26","8,478.48","8,868.33","8,340.23",234.92M,4.37%
4/3/2003,"8,480.09","7,992.83","8,559.77","7,979.69",256.26M,6.11%
3/3/2003,"7,992.13","7,890.24","8,522.18","7,416.64",281.79M,1.28%
2/3/2003,"7,891.08","8,053.74","8,152.53","7,628.99",245.44M,-2.02%
1/3/2003,"8,053.81","8,342.38","8,869.29","7,917.16",273.05M,-3.45%
12/2/2002,"8,341.63","8,902.95","9,043.37","8,242.91",228.46M,-6.23%
11/2/2002,"8,896.09","8,395.64","8,950.33","8,298.68",276.00M,5.94%
10/2/2002,"8,397.03","7,593.04","8,558.63","7,197.49",338.71M,10.60%
9/2/2002,"7,591.93","8,659.27","8,726.90","7,460.78",298.76M,-12.37%
8/2/2002,"8,663.50","8,732.58","9,077.01","8,030.82",262.20M,-0.84%
7/2/2002,"8,736.59","9,239.25","9,410.38","7,532.66",365.58M,-5.48%
6/2/2002,"9,243.26","9,923.94","9,986.49","8,926.57",305.77M,-6.87%
5/2/2002,"9,925.25","9,944.90","10,353.43","9,802.23",228.30M,-0.21%
4/2/2002,"9,946.22","10,402.07","10,402.07","9,811.57",244.69M,-4.40%
3/2/2002,"10,403.94","10,111.04","10,673.10","10,111.04",238.46M,2.95%
2/2/2002,"10,106.13","9,923.04","10,255.24","9,580.32",259.03M,1.88%
1/2/2002,"9,920.00","10,021.71","10,300.15","9,529.46",248.94M,-1.01%
12/1/2001,"10,021.57","9,848.93","10,184.45","9,703.90",222.48M,1.73%
11/1/2001,"9,851.56","9,087.45","9,992.79","9,014.46",235.38M,8.56%
10/1/2001,"9,075.14","8,845.97","9,598.17","8,732.14",259.44M,2.57%
9/1/2001,"8,847.56","9,946.98","10,182.38","8,062.34",393.05M,-11.08%
8/1/2001,"9,949.75","10,527.38","10,609.65","9,869.14",185.20M,-5.45%
7/1/2001,"10,522.81","10,504.95","10,679.12","10,120.89",230.02M,0.19%
6/1/2001,"10,502.40","10,913.57","11,196.53","10,394.72",249.67M,-3.75%
5/1/2001,"10,911.94","10,734.05","11,350.05","10,673.22",214.03M,1.65%
4/1/2001,"10,734.97","9,877.16","10,906.41","9,375.72",272.38M,8.67%
3/1/2001,"9,878.78","10,493.25","10,859.50","9,106.54",287.98M,-5.87%
2/1/2001,"10,495.28","10,884.82","11,035.14","10,294.01",232.54M,-3.60%
1/1/2001,"10,887.36","10,790.92","11,028.00","10,468.04",290.79M,0.92%
12/1/2000,"10,787.99","10,416.76","10,917.68","10,299.21",270.67M,3.59%
11/1/2000,"10,414.49","10,966.21","11,006.50","10,292.39",240.12M,-5.07%
10/1/2000,"10,971.14","10,659.06","10,995.41","9,654.64",297.12M,3.01%
9/1/2000,"10,650.92","11,219.54","11,401.19","10,567.32",243.81M,-5.03%
8/1/2000,"11,215.10","10,523.81","11,319.06","10,516.76",165.39M,6.59%
7/1/2000,"10,521.98","10,450.36","10,874.63","10,393.09",171.24M,0.71%
6/1/2000,"10,447.89","10,532.27","10,863.00","10,335.46",183.98M,-0.71%
5/1/2000,"10,522.33","10,749.42","10,971.24","10,258.81",180.90M,-1.97%
4/1/2000,"10,733.91","10,863.28","11,425.45","10,201.53",222.28M,-1.72%
3/1/2000,"10,921.92","10,128.11","11,234.65","9,731.81",214.53M,7.84%
2/1/2000,"10,128.31","10,937.74","11,118.93","9,836.06",192.62M,-7.42%
1/1/2000,"10,940.53","11,501.85","11,750.28","10,701.64",202.32M,-4.84%
12/1/1999,"11,497.12","10,876.47","11,568.77","10,859.65",145.90M,5.69%
11/1/1999,"10,877.81","10,730.78","11,112.77","10,536.27",162.30M,1.38%
10/1/1999,"10,729.86","10,335.69","10,790.02","9,976.02",111.41M,3.80%
9/1/1999,"10,336.95","10,828.44","11,142.41","10,081.13",88.58M,-4.55%
8/1/1999,"10,829.28","10,654.83","11,365.93","10,549.08",89.01M,1.63%
7/1/1999,"10,655.15","10,966.05","11,252.27","10,647.86",83.56M,-2.88%
6/1/1999,"10,970.80","10,561.01","11,003.41","10,409.14",86.02M,3.89%
5/1/1999,"10,559.74","10,789.04","11,130.67","10,434.26",95.77M,-2.13%
4/1/1999,"10,789.04","9,786.44","10,961.71","9,765.63",105.64M,10.25%
3/1/1999,"9,786.16","9,307.39","10,085.31","9,211.23",91.51M,5.15%
2/1/1999,"9,306.58","9,359.60","9,611.33","9,099.04",85.61M,-0.56%
1/1/1999,"9,358.83","9,184.01","9,647.96","9,063.26",96.45M,1.93%
12/1/1998,"9,181.43","9,116.55","9,334.88","8,676.03",70.95M,0.71%
11/1/1998,"9,116.55","8,595.70","9,380.20","8,595.70",73.06M,6.10%
10/1/1998,"8,592.10","7,841.33","8,659.81","7,467.49",90.33M,9.56%
9/1/1998,"7,842.62","7,545.76","8,182.47","7,400.30",94.51M,4.03%
8/1/1998,"7,539.07","8,883.29","8,886.12","7,539.07",83.79M,-15.13%
7/1/1998,"8,883.29","8,958.99","9,367.84","8,816.09",67.69M,-0.77%
6/1/1998,"8,952.02","8,900.95","9,104.72","8,569.88",61.32M,0.59%
5/1/1998,"8,899.95","9,066.61","9,261.91","8,788.10",56.23M,-1.80%
4/1/1998,"9,063.37","8,801.56","9,213.33","8,748.74",68.89M,3.00%
3/1/1998,"8,799.81","8,544.47","8,959.24","8,405.72",56.98M,2.97%
2/1/1998,"8,545.72","7,909.99","8,566.89","7,909.99",774.50K,8.08%
1/1/1998,"7,906.50","7,910.20","8,035.54","7,443.41",68.90M,-0.02%
12/1/1997,"7,908.30","7,825.12","8,166.29","7,576.93",54.22M,1.09%
11/1/1997,"7,823.10","7,445.80","7,881.07","7,349.99",57.28M,5.12%
10/1/1997,"7,442.10","7,948.50","8,184.70","6,971.07",72.84M,-6.33%
9/1/1997,"7,945.30","7,631.70","8,035.63","7,580.85",60.11M,4.24%
8/1/1997,"7,622.40","8,222.80","8,299.49","7,606.86",55.48M,-7.30%
7/1/1997,"8,222.60","7,678.00","8,282.77","7,667.36",59.70M,7.17%
6/1/1997,"7,672.80","7,331.00","7,834.06","7,253.78",54.08M,4.66%
5/1/1997,"7,331.00","7,008.99","7,394.95","6,913.47",52.27M,4.59%
4/1/1997,"7,009.00","6,583.50","7,057.55","6,356.78",52.70M,6.46%
3/1/1997,"6,583.48","6,874.30","7,112.10","6,561.20",51.28M,-4.28%
2/1/1997,"6,877.74","6,810.80","7,073.62","6,710.72",42.50M,0.95%
1/1/1997,"6,813.09","6,447.50","6,906.60","6,352.83",47.52M,5.66%
12/1/1996,"6,448.27","6,520.60","6,587.05","6,236.05",38.72M,-1.13%
11/1/1996,"6,521.70","6,027.10","6,589.53","5,998.82",37.69M,8.17%
10/1/1996,"6,029.38","5,878.40","6,133.73","5,861.67",34.93M,2.50%
9/1/1996,"5,882.17","5,611.80","5,929.89","5,561.46",33.86M,4.74%
8/1/1996,"5,616.21","5,528.90","5,739.02","5,524.10",29.00M,1.58%
7/1/1996,"5,528.91","5,654.60","5,733.31","5,182.32",37.10M,-2.22%
6/1/1996,"5,654.63","5,643.90","5,742.54","5,580.38",33.98M,0.20%
5/1/1996,"5,643.18","5,567.60","5,796.10","5,342.20",37.68M,1.33%
4/1/1996,"5,569.08","5,588.60","5,697.69","5,415.53",37.38M,-0.32%
3/1/1996,"5,587.14","5,488.20","5,709.97","5,424.20",41.10M,1.85%
2/1/1996,"5,485.62","5,394.90","5,659.40","5,348.34",40.45M,1.67%
1/1/1996,"5,395.30","5,115.70","5,408.67","5,014.52",40.72M,5.44%
12/1/1995,"5,117.12","5,075.60","5,235.62","5,051.73",31.13M,0.84%
11/1/1995,"5,074.49","4,753.70","5,118.93","4,744.64",29.76M,6.71%
10/1/1995,"4,755.48","4,789.80","4,816.90","4,659.74",32.48M,-0.70%
9/1/1995,"4,789.08","4,610.20","4,816.54","4,607.03",36.81M,3.87%
8/1/1995,"4,610.56","4,708.50","4,754.96","4,570.85",27.96M,-2.08%
7/1/1995,"4,708.47","4,556.10","4,747.21","4,551.25",34.74M,3.34%
6/1/1995,"4,556.10","4,465.10","4,593.10","4,406.69",30.16M,2.04%
5/1/1995,"4,465.14","4,321.30","4,465.14","4,301.56",32.70M,3.33%
4/1/1995,"4,321.27","4,157.70","4,328.53","4,155.96",30.38M,3.93%
3/1/1995,"4,157.69","4,011.10","4,198.84","3,945.69",32.04M,3.66%
2/1/1995,"4,011.05","3,843.90","4,021.23","3,831.41",31.50M,4.35%
1/1/1995,"3,843.86","3,834.40","3,936.72","3,817.26",31.18M,0.25%
12/1/1994,"3,834.44","3,739.20","3,866.40","3,655.11",26.71M,2.55%
11/1/1994,"3,739.23","3,907.78","3,907.78","3,638.63",30.54M,-4.32%
10/1/1994,"3,908.12","3,843.20","3,949.84","3,747.97",31.82M,1.69%
9/1/1994,"3,843.19","3,913.10","3,992.64","3,820.31",29.47M,-1.79%
8/1/1994,"3,913.42","3,764.50","3,939.32","3,736.33",28.81M,3.96%
7/1/1994,"3,764.50","3,625.00","3,770.00","3,623.02",23.77M,3.85%
6/1/1994,"3,624.96","3,758.40","3,823.39","3,610.40",26.37M,-3.55%
5/1/1994,"3,758.37","3,681.70","3,772.79","3,623.10",26.34M,2.08%
4/1/1994,"3,681.69","3,634.50","3,710.84","3,552.47",30.98M,1.26%
3/1/1994,"3,635.96","3,832.00","3,895.94","3,559.09",31.08M,-5.12%
2/1/1994,"3,832.02","3,978.40","3,982.02","3,632.02",28.04M,-3.68%
1/1/1994,"3,978.36","3,754.10","3,985.96","3,742.81",30.76M,5.97%
12/1/1993,"3,754.09","3,685.10","3,799.92","3,685.06",24.18M,1.90%
11/1/1993,"3,683.95","3,680.60","3,717.76","3,600.67",28.57M,0.09%
10/1/1993,"3,680.59","3,555.10","3,708.82","3,553.72",26.38M,3.53%
9/1/1993,"3,555.12","3,651.30","3,655.72","3,507.06",24.32M,-2.63%
8/1/1993,"3,651.25","3,539.50","3,663.83","3,536.96",24.83M,3.16%
7/1/1993,"3,539.47","3,516.10","3,583.50","3,449.93",25.06M,0.67%
6/1/1993,"3,516.08","3,527.43","3,569.78","3,462.66",22.06M,-0.32%
5/1/1993,"3,527.43","3,439.44","3,565.07","3,415.33",24.52M,2.91%
4/1/1993,"3,427.55","3,435.10","3,481.58","3,363.79",31.87M,-0.22%
3/1/1993,"3,435.11","3,370.80","3,482.12","3,343.26",26.60M,1.91%
2/1/1993,"3,370.81","3,310.00","3,456.73","3,266.80",31.55M,1.84%
1/1/1993,"3,310.00","3,301.10","3,320.83","3,231.95",32.10M,0.27%
12/1/1992,"3,301.11","3,305.20","3,352.71","3,248.16",23.84M,-0.12%
11/1/1992,"3,305.20","3,226.30","3,308.41","3,184.67",23.77M,2.45%
10/1/1992,"3,226.30","3,271.70","3,280.85","3,095.79",24.96M,-1.39%
9/1/1992,"3,271.70","3,257.40","3,376.49","3,242.76",21.71M,0.44%
8/1/1992,"3,257.40","3,393.80","3,399.99","3,207.10",134.60K,-4.02%
7/1/1992,"3,393.80","3,318.80","3,402.96","3,266.53",21.06M,2.27%
6/1/1992,"3,318.50","3,396.90","3,422.28","3,254.05",22.45M,-2.31%
5/1/1992,"3,396.90","3,359.10","3,440.67","3,324.02",20.45M,1.13%
4/1/1992,"3,359.10","3,235.50","3,366.50","3,161.23",22.92M,3.82%
3/1/1992,"3,235.50","3,267.70","3,299.64","3,188.28",18.98M,-0.99%
2/1/1992,"3,267.70","3,223.40","3,293.38","3,207.96",22.58M,1.37%
1/1/1992,"3,223.40","3,152.10","3,299.19","3,139.31",26.44M,1.72%
12/1/1991,"3,168.83","2,866.28","3,204.61","2,832.29",22.95M,9.47%
11/1/1991,"2,894.68","3,075.36","3,091.91","2,861.14",19.67M,-5.68%
10/1/1991,"3,069.10","3,026.16","3,091.01","2,925.54",20.40M,1.73%
9/1/1991,"3,016.77","3,042.04","3,066.64","2,963.10",19.42M,-0.88%
8/1/1991,"3,043.60","3,022.80","3,068.65","2,836.31",19.79M,0.62%
7/1/1991,"3,024.82","2,925.54","3,039.58","2,897.36",17.46M,4.06%
6/1/1991,"2,906.75","3,023.03","3,057.47","2,879.25",20.16M,-3.99%
5/1/1991,"3,027.50","2,901.48","3,044.50","2,834.53",20.69M,4.84%
4/1/1991,"2,887.87","2,901.98","3,030.45","2,848.51",22.17M,-0.89%
3/1/1991,"2,913.86","2,859.65","3,017.82","2,829.21",24.24M,1.10%
2/1/1991,"2,882.18","2,735.39","2,955.20","2,694.31",29.73M,5.33%
1/1/1991,"2,736.39","2,627.23","2,747.28","2,447.03",22.23M,3.90%
12/1/1990,"2,633.66","2,572.27","2,662.62","2,534.65",18.38M,2.89%
11/1/1990,"2,559.65","2,441.83","2,581.19","2,415.59",19.57M,4.80%
10/1/1990,"2,442.33","2,474.25","2,565.35","2,344.31",21.78M,-0.41%
9/1/1990,"2,452.48","2,590.84","2,665.35","2,367.82",20.45M,-6.19%
8/1/1990,"2,614.36","2,909.90","2,931.19","2,459.41",26.24M,-10.01%
7/1/1990,"2,905.20","2,883.17","3,024.26","2,833.17",21.17M,0.85%
6/1/1990,"2,880.69","2,900.97","2,956.93","2,821.53",21.29M,0.14%
5/1/1990,"2,876.66","2,668.46","2,908.21","2,651.35",20.76M,8.28%
4/1/1990,"2,656.76","2,684.01","2,793.47","2,627.70",16.82M,-1.86%
3/1/1990,"2,707.21","2,621.62","2,775.00","2,607.88",20.16M,3.04%
2/1/1990,"2,627.25","2,594.14","2,674.32","2,540.99",19.85M,1.42%
1/1/1990,"2,590.54","2,748.72","2,834.04","2,513.06",22.61M,-5.91%
12/1/1989,"2,753.20","2,712.67","2,784.77","2,658.70",19.29M,1.73%
11/1/1989,"2,706.27","2,640.57","2,718.22","2,563.11",18.00M,2.31%
10/1/1989,"2,645.08","2,692.82","2,809.08","2,496.93",25.86M,-1.77%
9/1/1989,"2,692.82","2,732.33","2,768.24","2,636.78",19.17M,-1.62%
8/1/1989,"2,737.27","2,665.97","2,758.73","2,426.33",21.54M,2.88%
7/1/1989,"2,660.66","2,448.79","2,668.25","2,431.53",19.14M,9.04%
6/1/1989,"2,440.06","2,477.67","2,544.95","2,412.94",24.47M,-1.62%
5/1/1989,"2,480.15","2,402.49","2,521.63","2,356.30",22.23M,2.54%
4/1/1989,"2,418.80","2,296.19","2,433.10","2,282.07",19.33M,5.46%
3/1/1989,"2,293.62","2,267.32","2,351.07","2,234.46",19.26M,1.56%
2/1/1989,"2,258.39","2,334.29","2,369.29","2,232.14",21.60M,-3.58%
1/1/1989,"2,342.32","2,163.21","2,350.18","2,127.14",22.18M,8.01%
12/1/1988,"2,168.57","2,110.95","2,193.75","2,075.39",14.93M,2.56%
11/1/1988,"2,114.51","2,145.09","2,185.99","2,026.67",16.56M,-1.59%
10/1/1988,"2,148.65","2,110.77","2,195.06","2,082.33",19.39M,1.69%
9/1/1988,"2,112.91","2,023.11","2,140.29","1,988.44",16.73M,4.00%
8/1/1988,"2,031.65","2,126.24","2,151.85","1,978.66",16.49M,-4.56%
7/1/1988,"2,128.73","2,144.91","2,169.45","2,047.30",17.20M,-0.61%
6/1/1988,"2,141.71","2,029.34","2,169.10","2,021.34",23.21M,5.44%
5/1/1988,"2,031.12","2,032.16","2,071.95","1,921.58",20.30M,-0.06%
4/1/1988,"2,032.33","1,989.89","2,121.35","1,968.00",21.53M,2.23%
3/1/1988,"1,988.06","2,074.93","2,110.91","1,951.26",19.56M,-4.03%
2/1/1988,"2,071.62","1,972.81","2,078.08","1,878.15",24.22M,5.79%
1/1/1988,"1,958.22","1,952.59","2,075.27","1,845.99",22.82M,1.00%
12/1/1987,"1,938.83","1,860.25","2,019.56","1,733.92",21.48M,5.74%
11/1/1987,"1,833.55","1,972.65","2,027.52","1,795.26",23.36M,-8.02%
10/1/1987,"1,993.53","2,601.50","2,662.37","1,616.21",39.50M,-23.22%
9/1/1987,"2,596.28","2,666.77","2,695.47","2,468.99",23.27M,-2.50%
8/1/1987,"2,662.95","2,547.83","2,746.65","2,525.99",25.00M,3.53%
7/1/1987,"2,572.07","2,410.08","2,588.33","2,391.26",23.26M,6.35%
6/1/1987,"2,418.53","2,309.62","2,466.04","2,260.62",20.20M,5.54%
5/1/1987,"2,291.57","2,282.24","2,380.77","2,188.53",24.63M,0.23%
4/1/1987,"2,286.36","2,277.13","2,428.41","2,180.54",28.08M,-0.80%
3/1/1987,"2,304.69","2,228.21","2,399.57","2,209.08",20.89M,3.63%
2/1/1987,"2,223.99","2,152.98","2,266.45","2,134.42",106.40K,3.06%
1/1/1987,"2,158.04","1,900.59","2,214.57","1,897.36",26.85M,13.82%
12/1/1986,"1,895.95","1,900.17","1,971.74","1,880.48",19.01M,-0.95%
11/1/1986,"1,914.23","1,880.62","1,926.46","1,797.10",19.65M,1.94%
10/1/1986,"1,877.71","1,775.03","1,894.69","1,761.25",18.18M,6.23%
9/1/1986,"1,767.58","1,903.26","1,933.35","1,732.99",19.89M,-6.89%
8/1/1986,"1,898.34","1,775.31","1,918.59","1,730.60",14.64M,6.93%
7/1/1986,"1,775.31","1,889.76","1,922.67","1,741.56",16.18M,-6.20%
6/1/1986,"1,892.72","1,874.19","1,908.62","1,816.07",13.20M,0.85%
5/1/1986,"1,876.71","1,777.90","1,898.22","1,746.53",15.04M,5.20%
4/1/1986,"1,783.98","1,822.08","1,870.16","1,712.52",20.84M,-1.90%
3/1/1986,"1,818.61","1,706.19","1,849.74","1,663.07",18.53M,6.41%
2/1/1986,"1,709.06","1,570.53","1,732.57","1,564.33",18.84M,8.79%
1/1/1986,"1,570.99","1,546.22","1,582.91","1,491.74",14.95M,1.57%
12/1/1985,"1,546.67","1,471.33","1,570.87","1,450.34",17.88M,5.06%
11/1/1985,"1,472.13","1,372.13","1,486.93","1,367.78",15.73M,7.12%
10/1/1985,"1,374.31","1,329.64","1,384.63","1,315.19",11.58M,3.44%
9/1/1985,"1,328.63","1,333.67","1,348.23","1,283.71",11.00M,-0.40%
8/1/1985,"1,334.01","1,350.02","1,361.90","1,303.65",8.41M,-1.00%
7/1/1985,"1,347.45","1,334.01","1,372.20","1,313.40",11.17M,0.90%
6/1/1985,"1,335.46","1,321.24","1,341.17","1,285.39",10.72M,1.52%
5/1/1985,"1,315.41","1,257.18","1,320.79","1,235.53",11.57M,4.56%
4/1/1985,"1,258.06","1,264.80","1,290.30","1,245.80",9.50M,-0.69%
3/1/1985,"1,266.78","1,285.34","1,309.96","1,242.82",10.04M,-1.34%
2/1/1985,"1,284.01","1,276.94","1,307.53","1,263.91",11.37M,-0.21%
,,,,,,
,,,,,,
,,,,,,
,,,,,,
,,,,,,
,,,,,,
,,,,,,
,,,,,,
,,,,,,
,,,,,,
,,,,,,
,,,,,,
,,,,,,
,,,,,,
,,,,,,
,,,,,,
,,,,,,
,,,,,,
,,,,,,
,,,,,,
,,,,,,
,,,,,,
